Year,Campus Number,Campus Name,City,Zip Code,Type of School,District_Number,District Name,Travis County all students graduation rate,Campus all students graduation rate,Campus African American graduation rate,Campus Asian graduation rate,Campus Hispanic graduation rate,Campus White graduation rate,Campus economically disadvantaged graduation rate,Campus female graduation rate,Campus male graduation rate
2017,227901009,Anderson H S,Austin,78759,Public,227901,Austin ISD,0.893,0.958,0.92,1,0.957,0.953,0.94,0.973,0.94
2018,227901025,Graduation Prep Academy Travis,Austin,78704,Public,227901,Austin ISD,0.895,0.29,0.2,,0.291,0.5,0.264,0.316,0.25
2017,227901017,Akins H S,Austin,78748,Public,227901,Austin ISD,0.893,0.931,0.889,1,0.942,0.854,0.927,0.938,0.925
2016,227901019,Eastside Memorial At The Johnston,Austin,78721,Public,227901,Austin ISD,0.896,0.914,0.882,1,0.273,1,0.898,0.881,0.947
2017,227904003,John B Connally H S,Austin,78753,Public,227904,Pflugerville ISD,0.893,0.95,0.918,0.982,0.95,1,0.95,0.967,0.935
2019,227901017,Akins H S,Austin,78748,Public,227901,Austin ISD,0.904,0.964,0.959,1,0.966,0.941,0.957,0.964,0.964
2018,227913001,Lake Travis H S,Austin,78738,Public,227913,Lake Travis ISD,0.895,0.947,0.857,0.95,0.941,0.949,0.961,0.967,0.93
2016,227901035,Leadership Academy,Austin,78704,Public,227901,Austin ISD,0.896,0,,,0.61,,0,,0
2018,227907004,Manor New Technology High,Manor,78653,Public,227907,Manor ISD,0.895,0.979,1,1,0.957,1,0.958,1,0.96
2016,227901004,Lanier H S,Austin,78758,Public,227901,Austin ISD,0.896,0.927,0.968,0.667,0.932,0.875,0.94,0.949,0.906
2017,227907002,Manor Excel Academy,Manor,78653,Public,227907,Manor ISD,0.893,0.49,0.769,,0.429,0.25,0.465,0.636,0.37
2016,227907004,Manor New Technology High,Manor,78653,Public,227907,Manor ISD,0.896,1,1,1,0.92,1,1,1,1
2019,227904004,Hendrickson H S,Plugerville,78660,Public,227904,Pflugerville ISD,0.904,0.978,0.977,1,0.979,0.985,0.966,0.986,0.971
2016,227909001,Westlake H S,Austin,78746,Public,227909,Eanes ISD,0.896,0.99,0.9,1,0.988,0.99,0.95,0.997,0.983
2019,227901015,Garza Independence H S,Austin,78702,Public,227901,Austin ISD,0.904,0.341,0.091,0.5,0.25,0.463,0.109,0.355,0.328
2018,227901019,Eastside Memorial At The Johnston,Austin,78721,Public,227901,Austin ISD,0.895,0.939,0.963,1,0.93,1,0.937,0.923,0.952
2016,227901013,Bowie H S,Austin,78749,Public,227901,Austin ISD,0.896,0.978,1,1,1,0.976,0.975,0.988,0.969
2017,227913001,Lake Travis H S,Austin,78738,Public,227913,Lake Travis ISD,0.893,0.961,1,0.971,0.941,0.964,0.903,0.972,0.951
2016,227912001,Lago Vista H S,Lago Vista,78645,Public,227912,Lago Vista ISD,0.896,0.924,,1,0.885,0.93,0.846,0.962,0.892
2019,227901002,Austin H S,Austin,78703,Public,227901,Austin ISD,0.904,0.984,1,1,0.982,0.986,0.97,0.983,0.984
2019,227901008,Crockett H S,Austin,78745,Public,227901,Austin ISD,0.904,0.967,0.895,1,0.98,0.938,0.949,0.957,0.978
2020,227901013,Bowie H S,Austin,78749,Public,227901,Austin ISD,0.897,0.977,0.958,0.961,0.972,0.982,0.919,0.99,0.965
2019,227901025,Graduation Prep Academy Travis,Austin,78704,Public,227901,Austin ISD,0.904,0.636,0.667,,0.621,1,0.654,0.6,0.692
2017,227901015,Garza Independence H S,Austin,78702,Public,227901,Austin ISD,0.893,0.517,0.545,1,0.423,0.611,0.444,0.614,0.373
2018,227910002,Del Valle Opportunity Ctr,Austin,78617,Public,227910,Del Valle ISD,0.895,0.811,0.769,0,0.825,0.778,0.828,0.832,0.793
2020,227909001,Westlake H S,Austin,78746,Public,227909,Eanes ISD,0.897,0.996,1,1,1,0.994,0.966,0.994,0.997
2017,227901026,Graduation Prep Academy Lanier,Austin,78758,Public,227901,Austin ISD,0.893,0.138,0.167,,0.127,0.25,0.36,0.206,0.065
2018,227901015,Garza Independence H S,Austin,78702,Public,227901,Austin ISD,0.895,0.402,0.333,,0.421,0.426,0.405,0.423,0.375
2018,227907002,Manor Excel Academy,Manor,78653,Public,227907,Manor ISD,0.895,0.556,0.588,1,0.537,0.333,0.63,0.714,0.357
2016,227904001,Pflugerville H S,Plugerville,78660,Public,227904,Pflugerville ISD,0.896,0.961,0.982,0.955,0.953,0.966,0.972,0.971,0.952
2017,227904004,Hendrickson H S,Plugerville,78660,Public,227904,Pflugerville ISD,0.893,0.972,0.934,0.957,0.969,1,0.963,0.979,0.966
2016,227907001,Manor H S,Manor,78653,Public,227907,Manor ISD,0.896,0.929,0.98,1,1,0.767,0.926,0.963,0.897
2019,227904003,John B Connally H S,Austin,78753,Public,227904,Pflugerville ISD,0.904,0.966,0.962,0.985,0.977,0.906,0.955,0.963,0.968
2016,227901008,Crockett H S,Austin,78745,Public,227901,Austin ISD,0.896,0.954,0.957,1,0.953,0.906,0.945,0.944,0.962
2018,227901007,Travis H S,Austin,78704,Public,227901,Austin ISD,0.895,0.955,0.92,1,0.96,0.9,0.96,0.977,0.927
2019,227912001,Lago Vista H S,Lago Vista,78645,Public,227912,Lago Vista ISD,0.904,0.967,,1,1,0.97,0.944,0.955,0.978
2019,227913001,Lake Travis H S,Austin,78738,Public,227913,Lake Travis ISD,0.904,0.953,0.933,1,0.96,0.944,0.868,0.972,0.937
2020,227904003,John B Connally H S,Austin,78753,Public,227904,Pflugerville ISD,0.897,0.939,0.92,1,0.942,0.879,0.922,0.94,0.938
2016,227907002,Manor Excel Academy,Manor,78653,Public,227907,Manor ISD,0.896,0.634,0.667,1,0.926,0.6,0.63,0.69,0.575
2019,227901018,Lasa H S,Austin,78721,Public,227901,Austin ISD,0.904,1,1,1,1,1,1,1,1
2018,227901004,Lanier H S,Austin,78758,Public,227901,Austin ISD,0.895,0.96,0.962,1,0.957,1,0.961,0.976,0.947
2016,227901014,Lbj High School,Austin,78724,Public,227901,Austin ISD,0.896,0.921,0.95,1,0.901,1,0.935,0.965,0.873
2018,227904004,Hendrickson H S,Plugerville,78660,Public,227904,Pflugerville ISD,0.895,0.98,0.955,1,0.976,0.991,0.967,0.988,0.972
2018,227907001,Manor H S,Manor,78653,Public,227907,Manor ISD,0.895,0.886,0.914,0.9,0.872,0.95,0.885,0.925,0.845
2019,227909001,Westlake H S,Austin,78746,Public,227909,Eanes ISD,0.904,0.998,1,1,0.986,1,1,1,0.997
2020,227901002,Austin H S,Austin,78703,Public,227901,Austin ISD,0.897,0.984,1,1,0.964,0.996,0.952,0.985,0.984
2016,227901002,Austin H S,Austin,78703,Public,227901,Austin ISD,0.896,0.959,0.947,1,0.975,0.96,0.914,0.975,0.942
2019,227901006,Reagan H S,Austin,78752,Public,227901,Austin ISD,0.904,0.986,1,0.9,0.989,1,0.989,0.983,0.99
2018,227901002,Austin H S,Austin,78703,Public,227901,Austin ISD,0.895,0.962,0.9,1,0.957,0.967,0.905,0.957,0.967
2020,227910001,Del Valle H S,Del Valle,78617,Public,227910,Del Valle ISD,0.897,0.968,0.938,1,0.974,0.893,0.968,0.979,0.956
2017,227901002,Austin H S,Austin,78703,Public,227901,Austin ISD,0.893,0.955,0.963,1,0.951,0.962,0.923,0.965,0.947
2018,227901009,Anderson H S,Austin,78759,Public,227901,Austin ISD,0.895,0.976,0.958,0.974,0.97,0.982,0.957,0.988,0.965
2020,227901008,Crockett H S,Austin,78745,Public,227901,Austin ISD,0.897,0.981,0.952,-0.01,0.987,0.96,0.986,0.982,0.98
2017,227909001,Westlake H S,Austin,78746,Public,227909,Eanes ISD,0.893,0.989,1,1,0.98,0.991,0.905,0.994,0.985
2020,227904004,Hendrickson H S,Plugerville,78660,Public,227904,Pflugerville ISD,0.897,0.992,0.988,1,0.986,0.994,0.991,0.996,0.988
2020,227912001,Lago Vista H S,Lago Vista,78645,Public,227912,Lago Vista ISD,0.897,0.97,,-0.01,1,0.958,0.938,0.977,0.964
2020,227907001,Manor H S,Manor,78653,Public,227907,Manor ISD,0.897,0.907,0.958,0.714,0.906,0.857,0.903,0.946,0.866
2019,227901026,Graduation Prep Academy Lanier,Austin,78758,Public,227901,Austin ISD,0.904,0.548,0.625,1,0.521,0.6,0.596,0.538,0.565
2019,227910002,Del Valle Opportunity Ctr,Austin,78617,Public,227910,Del Valle ISD,0.904,0.796,0.7,1,0.809,0.7,0.807,0.807,0.784
2020,227901005,McCallum H S,Austin,78756,Public,227901,Austin ISD,0.897,0.961,1,1,0.928,0.973,0.926,0.971,0.951
2018,227904001,Pflugerville H S,Plugerville,78660,Public,227904,Pflugerville ISD,0.895,0.965,0.972,0.956,0.965,0.973,0.963,0.978,0.953
2020,227901009,Anderson H S,Austin,78759,Public,227901,Austin ISD,0.897,0.977,0.966,1,0.972,0.979,0.971,0.98,0.975
2017,227901004,Lanier H S,Austin,78758,Public,227901,Austin ISD,0.893,0.949,0.963,1,0.952,0.889,0.95,0.966,0.934
2020,227901019,Eastside Memorial Ec H S,Austin,78721,Public,227901,Austin ISD,0.897,0.956,1,,0.948,-0.01,0.961,0.978,0.933
2019,227910001,Del Valle H S,Del Valle,78617,Public,227910,Del Valle ISD,0.904,0.965,0.967,1,0.968,0.889,0.965,0.978,0.95
2018,227901013,Bowie H S,Austin,78749,Public,227901,Austin ISD,0.895,0.984,0.955,0.97,0.98,0.988,0.952,0.98,0.987
2019,227901014,Lbj High School,Austin,78724,Public,227901,Austin ISD,0.904,0.909,0.958,,0.879,0.75,0.904,0.961,0.87
2019,227901019,Eastside Memorial At The Johnston,Austin,78721,Public,227901,Austin ISD,0.904,0.927,1,1,0.912,,0.921,0.914,0.941
2018,227910001,Del Valle H S,Del Valle,78617,Public,227910,Del Valle ISD,0.895,0.936,0.986,0.6,0.936,0.865,0.926,0.947,0.922
2019,227901009,Anderson H S,Austin,78759,Public,227901,Austin ISD,0.904,0.978,0.972,0.961,0.967,0.987,0.968,0.979,0.977
2016,227901028,Richards Sch For Young Women Leade,Austin,78704,Public,227901,Austin ISD,0.896,1,1,1,1,1,1,1,
2020,227901018,Lasa H S,Austin,78721,Public,227901,Austin ISD,0.897,1,1,1,1,1,1,1,1
2018,227901006,Reagan H S,Austin,78752,Public,227901,Austin ISD,0.895,0.979,0.977,1,0.983,0.875,0.975,0.969,0.991
2016,227901006,Reagan H S,Austin,78752,Public,227901,Austin ISD,0.896,0.968,0.952,1,0.969,1,0.974,0.968,0.968
2016,227901015,Garza Independence H S,Austin,78702,Public,227901,Austin ISD,0.896,0.43,0.429,1,0.5,0.574,0.404,0.46,0.403
2018,227901026,Graduation Prep Academy Lanier,Austin,78758,Public,227901,Austin ISD,0.895,0.41,0.286,,0.429,0.5,0.375,0.485,0.321
2017,227901013,Bowie H S,Austin,78749,Public,227901,Austin ISD,0.893,0.979,1,1,0.962,0.985,0.957,0.981,0.976
2017,227901028,Richards Sch For Young Women Leade,Austin,78704,Public,227901,Austin ISD,0.893,1,1,1,1,1,1,1,
2016,227904003,John B Connally H S,Austin,78753,Public,227904,Pflugerville ISD,0.896,0.961,0.972,0.986,0.951,0.923,0.97,0.965,0.957
2017,227912001,Lago Vista H S,Lago Vista,78645,Public,227912,Lago Vista ISD,0.893,0.954,1,,0.895,0.963,0.909,0.962,0.947
2018,227901018,Lasa H S,Austin,78721,Public,227901,Austin ISD,0.895,0.996,1,1,0.978,1,0.947,1,0.992
2016,227913001,Lake Travis H S,Austin,78738,Public,227913,Lake Travis ISD,0.896,0.931,0.833,1,0.869,0.947,0.833,0.958,0.906
2019,227901004,Lanier H S,Austin,78758,Public,227901,Austin ISD,0.904,0.966,0.909,0.778,0.976,1,0.979,0.976,0.952
2017,227901014,Lbj High School,Austin,78724,Public,227901,Austin ISD,0.893,0.938,0.93,,0.963,0.5,0.937,0.928,0.949
2017,227901025,Graduation Prep Academy Travis,Austin,78704,Public,227901,Austin ISD,0.893,0.391,0.2,0,0.44,0.2,0.471,0.5,0.308
2017,227907001,Manor H S,Manor,78653,Public,227907,Manor ISD,0.893,0.908,0.913,1,0.912,0.8,0.925,0.947,0.863
2019,227907004,Manor New Technology High,Manor,78653,Public,227907,Manor ISD,0.904,1,1,1,1,1,1,1,1
2018,227904003,John B Connally H S,Austin,78753,Public,227904,Pflugerville ISD,0.895,0.96,0.989,0.979,0.96,0.878,0.951,0.961,0.959
2018,227901005,McCallum H S,Austin,78756,Public,227901,Austin ISD,0.895,0.962,0.922,1,0.94,0.984,0.948,0.976,0.947
2020,227904001,Pflugerville H S,Plugerville,78660,Public,227904,Pflugerville ISD,0.897,0.951,0.952,0.941,0.955,0.935,0.951,0.964,0.938
2017,227901007,Travis H S,Austin,78704,Public,227901,Austin ISD,0.893,0.914,0.833,0.667,0.932,0.846,0.905,0.91,0.919
2020,227901007,Travis Early College H S,Austin,78704,Public,227901,Austin ISD,0.897,0.953,0.952,1,0.947,1,0.959,0.978,0.925
2016,227901009,Anderson H S,Austin,78759,Public,227901,Austin ISD,0.896,0.969,0.875,0.974,0.958,0.973,0.96,0.98,0.957
2020,227901015,Garza Independence H S,Austin,78702,Public,227901,Austin ISD,0.897,0.321,0.2,-0.01,0.365,0.289,0.379,0.328,0.311
2017,227901019,Eastside Memorial At The Johnston,Austin,78721,Public,227901,Austin ISD,0.893,0.921,0.8,1,0.942,0.889,0.915,0.964,0.857
2016,227910002,Del Valle Opportunity Ctr,Del Valle,78617,Public,227910,Del Valle ISD,0.896,0.783,0.75,1,0.916,0.765,0.777,0.81,0.763
2020,227907004,Manor New Technology High,Manor,78653,Public,227907,Manor ISD,0.897,1,1,1,1,1,1,1,1
2020,227901028,Richards Sch For Young Women Leade,Austin,78704,Public,227901,Austin ISD,0.897,1,1,-0.01,1,1,1,1,
2016,227901005,McCallum H S,Austin,78756,Public,227901,Austin ISD,0.896,0.942,0.925,0.846,1,0.962,0.897,0.947,0.936
2019,227901013,Bowie H S,Austin,78749,Public,227901,Austin ISD,0.904,0.981,1,0.967,0.963,0.99,0.951,0.984,0.977
2020,227901014,Lbj Ec H S,Austin,78724,Public,227901,Austin ISD,0.897,0.925,0.924,-0.01,0.919,-0.01,0.922,0.933,0.918
2018,227909001,Westlake H S,Austin,78746,Public,227909,Eanes ISD,0.895,0.991,1,1,0.978,0.993,0.969,0.997,0.985
2016,227910001,Del Valle H S,Del Valle,78617,Public,227910,Del Valle ISD,0.896,0.95,0.96,0.8,0.782,0.9,0.94,0.973,0.926
2017,227907004,Manor New Technology High,Manor,78653,Public,227907,Manor ISD,0.893,1,1,1,1,1,1,1,1
2017,227910001,Del Valle H S,Del Valle,78617,Public,227910,Del Valle ISD,0.893,0.931,0.966,1,0.927,0.9,0.93,0.945,0.916
2017,227901006,Reagan H S,Austin,78752,Public,227901,Austin ISD,0.893,0.937,0.926,1,0.939,0.875,0.954,0.957,0.917
2016,227901025,Graduation Prep Academy Travis,Austin,78704,Public,227901,Austin ISD,0.896,0.276,0.333,,0.267,0.25,0.282,0.276,0.276
2018,227901017,Akins H S,Austin,78748,Public,227901,Austin ISD,0.895,0.949,0.93,0.895,0.958,0.911,0.945,0.96,0.936
2016,227901017,Akins H S,Austin,78748,Public,227901,Austin ISD,0.896,0.923,0.923,0.929,0.982,0.89,0.914,0.948,0.899
2020,227913001,Lake Travis H S,Austin,78738,Public,227913,Lake Travis ISD,0.897,0.973,1,0.975,0.949,0.982,0.949,0.982,0.965
2020,227901004,Navarro Early College H S,Austin,78758,Public,227901,Austin ISD,0.897,0.902,0.826,1,0.909,0.833,0.899,0.936,0.868
2018,227901028,Richards Sch For Young Women Leade,Austin,78704,Public,227901,Austin ISD,0.895,1,1,1,1,1,1,1,
2020,227901017,Akins H S,Austin,78748,Public,227901,Austin ISD,0.897,0.94,0.868,1,0.937,0.983,0.943,0.958,0.923
2018,227901008,Crockett H S,Austin,78745,Public,227901,Austin ISD,0.895,0.947,1,1,0.952,0.904,0.959,0.968,0.925
2019,227901007,Travis H S,Austin,78704,Public,227901,Austin ISD,0.904,0.929,0.81,0.875,0.943,0.889,0.937,0.954,0.906
2016,227901007,Travis H S,Austin,78704,Public,227901,Austin ISD,0.896,0.865,0.87,1,0.867,0.75,0.884,0.825,0.913
2019,227907001,Manor H S,Manor,78653,Public,227907,Manor ISD,0.904,0.883,0.881,1,0.882,0.9,0.889,0.926,0.843
2018,227912001,Lago Vista H S,Lago Vista,78645,Public,227912,Lago Vista ISD,0.895,0.982,,,0.955,1,0.96,0.981,0.983
2018,227901014,Lbj High School,Austin,78724,Public,227901,Austin ISD,0.895,0.937,0.949,,0.926,1,0.95,0.929,0.946
2020,227910002,Del Valle Opportunity Ctr,Austin,78617,Public,227910,Del Valle ISD,0.897,0.615,0.6,-0.01,0.598,0.75,0.623,0.737,0.535
2016,227901026,Graduation Prep Academy Lanier,Austin,78758,Public,227901,Austin ISD,0.896,0.174,0,,0.211,,0.179,0.241,0.059
2017,227901008,Crockett H S,Austin,78745,Public,227901,Austin ISD,0.893,0.953,0.913,0.667,0.991,0.833,0.955,0.962,0.943
2017,227910002,Del Valle Opportunity Ctr,Austin,78617,Public,227910,Del Valle ISD,0.893,0.799,0.9,1,0.793,0.706,0.804,0.778,0.815
2017,227904001,Pflugerville H S,Plugerville,78660,Public,227904,Pflugerville ISD,0.893,0.963,0.969,0.957,0.964,0.952,0.958,0.969,0.957
2017,227901018,Lasa H S,Austin,78721,Public,227901,Austin ISD,0.893,1,1,1,1,1,1,1,1
2017,227901005,McCallum H S,Austin,78756,Public,227901,Austin ISD,0.893,0.942,0.897,1,0.935,0.954,0.891,0.952,0.932
2020,227907002,Manor Excel Academy,Manor,78653,Public,227907,Manor ISD,0.897,0.382,0.545,,0.379,0.167,0.444,0.519,0.306
2020,227901006,Northeast Early College H S,Austin,78752,Public,227901,Austin ISD,0.897,0.991,1,-0.01,0.989,1,0.99,0.99,0.992
2016,227904004,Hendrickson H S,Plugerville,78660,Public,227904,Pflugerville ISD,0.896,0.975,0.977,0.969,0.98,0.967,0.962,0.987,0.964
2019,227901005,McCallum H S,Austin,78756,Public,227901,Austin ISD,0.904,0.966,0.938,1,0.956,0.973,0.965,0.975,0.956
2019,227904001,Pflugerville H S,Plugerville,78660,Public,227904,Pflugerville ISD,0.904,0.955,0.952,1,0.954,0.935,0.957,0.965,0.945
2016,227901018,Lasa H S,Austin,78721,Public,227901,Austin ISD,0.896,1,1,1,1,1,1,1,1
2019,227901028,Richards Sch For Young Women Leade,Austin,78704,Public,227901,Austin ISD,0.904,1,1,1,1,1,1,1,
2019,227907002,Manor Excel Academy,Manor,78653,Public,227907,Manor ISD,0.904,0.576,0.571,0.5,0.629,0.2,0.576,0.61,0.545
