County,District_Number,District Name,FTE Count,Total Base Pay,Average Base Pay,Year
TRAVIS COUNTY,227803,WAYSIDE SCHOOLS,13.41,617212,46020,2016
TRAVIS COUNTY,227804,NYOS CHARTER SCHOOL,26.52,1221786,46067,2016
TRAVIS COUNTY,227805,TEXAS EMPOWERMENT ACADEMY,2.16,92608,42836,2016
TRAVIS COUNTY,227806,UNIVERSITY OF TEXAS UNIVERSITY CHA,29.22,1429477,48929,2016
TRAVIS COUNTY,227814,CHAPARRAL STAR ACADEMY,12.89,658927,51114,2016
TRAVIS COUNTY,227816,HARMONY SCIENCE ACADEMY (AUSTIN),70.33,3387593,48165,2016
TRAVIS COUNTY,227817,CEDARS INTERNATIONAL ACADEMY,0.41,19365,46809,2016
TRAVIS COUNTY,227820,KIPP AUSTIN PUBLIC SCHOOLS INC,54.99,2678961,48716,2016
TRAVIS COUNTY,227824,EAST AUSTIN COLLEGE PREP,25.83,1220861,47261,2016
TRAVIS COUNTY,227825,AUSTIN ACHIEVE PUBLIC SCHOOLS,11.61,554194,47753,2016
TRAVIS COUNTY,227828,THE EXCEL CENTER,15.35,689920,44933,2016
TRAVIS COUNTY,227901,AUSTIN ISD,1600.17,78740588,49208,2016
TRAVIS COUNTY,227904,PFLUGERVILLE ISD,501.15,24911576,49709,2016
TRAVIS COUNTY,227909,EANES ISD,196.65,10281090,52282,2016
TRAVIS COUNTY,227910,DEL VALLE ISD,281.22,14347575,51019,2016
TRAVIS COUNTY,227912,LAGO VISTA ISD,33.38,1589991,47638,2016
TRAVIS COUNTY,227913,LAKE TRAVIS ISD,156.31,7956464,50902,2016
TRAVIS COUNTY,227803,WAYSIDE SCHOOLS,20.85,974577,46749,2017
TRAVIS COUNTY,227804,NYOS CHARTER SCHOOL,22.31,1038732,46553,2017
TRAVIS COUNTY,227805,TEXAS EMPOWERMENT ACADEMY,2.73,110424,40380,2017
TRAVIS COUNTY,227806,UNIVERSITY OF TEXAS UNIVERSITY CHA,36.6,1872559,51161,2017
TRAVIS COUNTY,227814,CHAPARRAL STAR ACADEMY,14.17,737315,52048,2017
TRAVIS COUNTY,227816,HARMONY SCIENCE ACADEMY (AUSTIN),77.73,3817052,49109,2017
TRAVIS COUNTY,227817,CEDARS INTERNATIONAL ACADEMY,6.53,310073,47510,2017
TRAVIS COUNTY,227820,KIPP AUSTIN PUBLIC SCHOOLS INC,80.25,4052490,50497,2017
TRAVIS COUNTY,227824,EAST AUSTIN COLLEGE PREP,24.78,1143379,46132,2017
TRAVIS COUNTY,227825,AUSTIN ACHIEVE PUBLIC SCHOOLS,18.51,980759,52975,2017
TRAVIS COUNTY,227828,THE EXCEL CENTER,17.26,746520,43257,2017
TRAVIS COUNTY,227901,AUSTIN ISD,1658.53,85301112,51432,2017
TRAVIS COUNTY,227904,PFLUGERVILLE ISD,519.54,26519728,51045,2017
TRAVIS COUNTY,227907,MANOR ISD,161.23,7626231,47301,2017
TRAVIS COUNTY,227909,EANES ISD,206.08,11009372,53424,2017
TRAVIS COUNTY,227910,DEL VALLE ISD,281.36,14656389,52092,2017
TRAVIS COUNTY,227912,LAGO VISTA ISD,36.55,1764488,48271,2017
TRAVIS COUNTY,227913,LAKE TRAVIS ISD,162.63,8364650,51434,2017
TRAVIS COUNTY,227803,WAYSIDE SCHOOLS,23.12,1087690,47051,2018
TRAVIS COUNTY,227804,NYOS CHARTER SCHOOL,23.01,1138841,49496,2018
TRAVIS COUNTY,227805,TEXAS EMPOWERMENT ACADEMY,1.91,103209,54113,2018
TRAVIS COUNTY,227806,UNIVERSITY OF TEXAS UNIVERSITY CHA,34.08,1813015,53199,2018
TRAVIS COUNTY,227814,CHAPARRAL STAR ACADEMY,15.69,821720,52377,2018
TRAVIS COUNTY,227816,HARMONY SCIENCE ACADEMY (AUSTIN),87.19,4356329,49963,2018
TRAVIS COUNTY,227817,CEDARS INTERNATIONAL ACADEMY,7.98,389581,48815,2018
TRAVIS COUNTY,227820,KIPP AUSTIN PUBLIC SCHOOLS INC,95.66,4935038,51589,2018
TRAVIS COUNTY,227821,AUSTIN DISCOVERY SCHOOL,0.38,17744,46450,2018
TRAVIS COUNTY,227824,PROMESA PUBLIC SCHOOLS,20.45,959269,46904,2018
TRAVIS COUNTY,227825,AUSTIN ACHIEVE PUBLIC SCHOOLS,24.45,1277074,52232,2018
TRAVIS COUNTY,227826,MONTESSORI FOR ALL,2,90690,45345,2018
TRAVIS COUNTY,227828,THE EXCEL CENTER,15.9,735942,46281,2018
TRAVIS COUNTY,227901,AUSTIN ISD,1662.13,94793386,57031,2018
TRAVIS COUNTY,227904,PFLUGERVILLE ISD,538.09,27641456,51370,2018
TRAVIS COUNTY,227907,MANOR ISD,151.62,7532297,49678,2018
TRAVIS COUNTY,227909,EANES ISD,210.12,11174013,53178,2018
TRAVIS COUNTY,227910,DEL VALLE ISD,279.95,14552220,51981,2018
TRAVIS COUNTY,227912,LAGO VISTA ISD,31.49,1496110,47506,2018
TRAVIS COUNTY,227913,LAKE TRAVIS ISD,168.11,8863679,52727,2018
TRAVIS COUNTY,227803,WAYSIDE SCHOOLS,29.52,1393490,47206,2019
TRAVIS COUNTY,227804,NYOS CHARTER SCHOOL,26.78,1283675,47935,2019
TRAVIS COUNTY,227805,TEXAS EMPOWERMENT ACADEMY,1.83,117735,64347,2019
TRAVIS COUNTY,227806,UNIVERSITY OF TEXAS UNIVERSITY CHA,32.15,1734867,53966,2019
TRAVIS COUNTY,227814,CHAPARRAL STAR ACADEMY,15.93,850827,53414,2019
TRAVIS COUNTY,227816,HARMONY SCIENCE ACADEMY (AUSTIN),79.75,3932950,49315,2019
TRAVIS COUNTY,227817,CEDARS INTERNATIONAL ACADEMY,9.82,487197,49601,2019
TRAVIS COUNTY,227820,KIPP TEXAS PUBLIC SCHOOLS,338.28,18521783,54753,2019
TRAVIS COUNTY,227821,AUSTIN DISCOVERY SCHOOL,1.79,82134,45988,2019
TRAVIS COUNTY,227824,PROMESA PUBLIC SCHOOLS,19.08,1015085,53212,2019
TRAVIS COUNTY,227825,AUSTIN ACHIEVE PUBLIC SCHOOLS,29.72,1642493,55258,2019
TRAVIS COUNTY,227826,MONTESSORI FOR ALL,1,50000,50000,2019
TRAVIS COUNTY,227828,THE EXCEL CENTER,4.48,169876,37940,2019
TRAVIS COUNTY,227829,VALOR PUBLIC SCHOOLS,5.36,228869,42685,2019
TRAVIS COUNTY,227901,AUSTIN ISD,1643.49,86588424,52686,2019
TRAVIS COUNTY,227904,PFLUGERVILLE ISD,557.48,29233976,52439,2019
TRAVIS COUNTY,227907,MANOR ISD,172.2,8566459,49748,2019
TRAVIS COUNTY,227909,EANES ISD,211.78,11849166,55951,2019
TRAVIS COUNTY,227910,DEL VALLE ISD,268.08,14312651,53389,2019
TRAVIS COUNTY,227912,LAGO VISTA ISD,31.59,1577840,49955,2019
TRAVIS COUNTY,227913,LAKE TRAVIS ISD,177.76,9473936,53295,2019
TRAVIS COUNTY,227825,AUSTIN ACHIEVE PUBLIC SCHOOLS,33.26,1851949,55679,2020
TRAVIS COUNTY,227821,AUSTIN DISCOVERY SCHOOL,1.57,79871,50964,2020
TRAVIS COUNTY,227901,AUSTIN ISD,1579.22,88194244,55847,2020
TRAVIS COUNTY,227817,CEDARS INTERNATIONAL ACADEMY,12.65,679867,53740,2020
TRAVIS COUNTY,227814,CHAPARRAL STAR ACADEMY,15.15,754276,49803,2020
TRAVIS COUNTY,227910,DEL VALLE ISD,305.85,17274275,56480,2020
TRAVIS COUNTY,227909,EANES ISD,219.84,12862942,58511,2020
TRAVIS COUNTY,227816,HARMONY SCIENCE ACADEMY (AUSTIN),79.66,4474178,56165,2020
TRAVIS COUNTY,227820,KIPP TEXAS PUBLIC SCHOOLS,393.56,22605457,57438,2020
TRAVIS COUNTY,227912,LAGO VISTA ISD,35.96,1949049,54198,2020
TRAVIS COUNTY,227913,LAKE TRAVIS ISD,175.55,9884063,56304,2020
TRAVIS COUNTY,227907,MANOR ISD,176.9,9357319,52895,2020
TRAVIS COUNTY,227804,NYOS CHARTER SCHOOL,28.28,1400306,49522,2020
TRAVIS COUNTY,227904,PFLUGERVILLE ISD,567.53,31707754,55870,2020
TRAVIS COUNTY,227824,PROMESA PUBLIC SCHOOLS,14.46,802986,55528,2020
TRAVIS COUNTY,227805,TEXAS EMPOWERMENT ACADEMY,4.51,237228,52634,2020
TRAVIS COUNTY,227827,THE EXCEL CENTER (FOR ADULTS),40.09,1716780,42821,2020
TRAVIS COUNTY,227506,UNIVERSITY OF TEXAS AT AUSTIN H S,4.57,306764,67102,2020
TRAVIS COUNTY,227806,UNIVERSITY OF TEXAS UNIVERSITY CHA,35.01,1904028,54384,2020
TRAVIS COUNTY,227829,VALOR PUBLIC SCHOOLS,7.29,323314,44329,2020
TRAVIS COUNTY,227803,WAYSIDE SCHOOLS,25.46,1224189,48077,2020
